,treatment,invest_A_limit,invest_B_limit,invest_C_limit,invest_X_limit,gossip_is_true,orange_is_risky,orange_is_unethical,intent_selfish,intent_altruistic,intent_fact_telling,rm_1_meet_many,rm_2_talk_strangers,rm_3_choose_partners,rm_4_few_friends_rev,rm_5_uncommon_talk_rev,rm_6_leave_for_better,rm_7_cannot_choose_rev,rm_8_easy_to_meet,rm_9_stay_in_group_rev,rm_10_choose_groups,rm_11_must_stay_rel_rev,rm_12_must_stay_group_rev
count,59.0,59.0,59.0,59.0,59.0,59.0,59.0,59.0,59.0,59.0,59.0,59.0,59.0,59.0,59.0,59.0,59.0,59.0,59.0,59.0,59.0,59.0,59.0
mean,0.5423728813559322,3.830508474576271,1.694915254237288,2.830508474576271,1.6440677966101696,3.542372881355932,3.8813559322033897,3.0338983050847457,3.1016949152542375,2.542372881355932,2.440677966101695,3.7288135593220337,3.0847457627118646,4.338983050847458,3.610169491525424,3.440677966101695,3.9152542372881354,3.6440677966101696,3.5254237288135593,2.983050847457627,4.288135593220339,3.440677966101695,3.288135593220339
std,0.5024777880939232,0.4606046390860962,0.8760065597324775,0.5617872456808733,0.6888949638271721,1.2362629156022107,1.2742103134302958,1.4379835222176545,1.647306215427931,1.222236981060788,1.5002435025421472,1.229388809104307,1.405508075924986,1.0765553222090998,1.2459167674716392,1.3679986191851012,1.4772777339466314,1.0299432837482676,1.4426500065837873,1.0905791789896875,1.0512857063947463,1.221519495245474,1.2872162888966778
min,0.0,2.0,1.0,1.0,1.0,1.0,1.0,1.0,1.0,0.0,0.0,2.0,1.0,1.0,1.0,1.0,1.0,2.0,1.0,1.0,2.0,1.0,1.0
25%,0.0,4.0,1.0,3.0,1.0,3.0,3.0,2.0,2.0,2.0,1.0,3.0,2.0,4.0,2.5,2.0,3.0,3.0,2.0,2.0,4.0,2.5,2.0
50%,1.0,4.0,1.0,3.0,2.0,4.0,4.0,3.0,3.0,2.0,2.0,4.0,3.0,4.0,4.0,3.0,4.0,3.0,3.0,3.0,4.0,3.0,3.0
75%,1.0,4.0,2.0,3.0,2.0,4.0,5.0,4.0,3.0,3.0,4.0,5.0,4.0,5.0,5.0,4.5,5.0,4.0,5.0,3.5,5.0,4.0,4.0
max,1.0,4.0,4.0,4.0,4.0,6.0,6.0,6.0,7.0,6.0,6.0,6.0,6.0,6.0,6.0,6.0,6.0,6.0,6.0,5.0,6.0,6.0,6.0
