,treatment,invest_A_limit,invest_B_limit,invest_C_limit,invest_X_limit,gossip_is_true,orange_is_risky,orange_is_unethical,intent_selfish,intent_altruistic,intent_fact_telling,rm_1_meet_many,rm_2_talk_strangers,rm_3_choose_partners,rm_4_few_friends_rev,rm_5_uncommon_talk_rev,rm_6_leave_for_better,rm_7_cannot_choose_rev,rm_8_easy_to_meet,rm_9_stay_in_group_rev,rm_10_choose_groups,rm_11_must_stay_rel_rev,rm_12_must_stay_group_rev
count,26.0,26.0,26.0,26.0,26.0,26.0,26.0,26.0,26.0,26.0,26.0,26.0,26.0,26.0,26.0,26.0,26.0,26.0,26.0,26.0,26.0,26.0,26.0
mean,0.5384615384615384,3.8461538461538463,1.6153846153846154,2.8461538461538463,1.6923076923076923,3.576923076923077,3.923076923076923,2.923076923076923,4.153846153846154,2.6538461538461537,2.5384615384615383,3.8461538461538463,3.269230769230769,4.615384615384615,3.1538461538461537,3.6923076923076925,3.9615384615384617,3.3076923076923075,3.6538461538461537,3.730769230769231,4.5,3.423076923076923,3.4615384615384617
std,0.508391127441794,0.36794648440311994,0.8978607053178383,0.6126863923612269,0.6176879969195301,1.2057554287027505,1.2303845552696742,1.3834182859302366,1.5412282813991625,1.1293292767765366,1.580652250958932,1.0466062370273814,1.4299004806682822,0.8978607053178383,1.2228591968761635,1.3496438276591576,1.6366006044424948,1.1231822922119372,1.6233867731950435,1.218447940872069,1.0677078252031311,1.2057554287027505,1.3032503744336843
min,0.0,3.0,1.0,1.0,1.0,1.0,1.0,1.0,0.0,1.0,0.0,2.0,1.0,2.0,1.0,1.0,1.0,1.0,1.0,2.0,2.0,1.0,2.0
25%,0.0,4.0,1.0,3.0,1.0,3.0,3.0,2.0,4.0,2.0,1.0,3.0,2.0,4.0,2.0,3.0,2.25,3.0,2.0,3.0,4.0,3.0,2.0
50%,1.0,4.0,1.0,3.0,2.0,4.0,4.0,3.0,4.5,2.0,2.5,4.0,3.0,5.0,3.0,4.0,4.0,3.5,3.5,4.0,5.0,3.0,3.0
75%,1.0,4.0,2.0,3.0,2.0,4.0,5.0,4.0,5.0,3.0,3.75,4.75,4.0,5.0,4.0,5.0,5.0,4.0,5.0,5.0,5.0,4.0,4.0
max,1.0,4.0,4.0,4.0,3.0,6.0,6.0,6.0,6.0,6.0,6.0,6.0,6.0,6.0,5.0,6.0,6.0,5.0,6.0,6.0,6.0,6.0,6.0
